stage_name,duration_hours
Выход на работу,43.49948419888889
Назначение времени на оформление/медосмотр,50.63149985027778
Оформление,77.07043190152777
СБ,27.250245335555558
